;;;;;;;;;;;;;;;;;;;;;;;;;;;;;;;;;;;;;;;;;;;;;;;;;;;;;;;;;;;;;;;;;;;;;;;;;;;;;;;;;;;;;;;;;;;;;;;;;;;;;;;;;;;;;;;;;;;;;;;;;;;;;;;;;;;;;;;;;;;;;;;;;;;;;;;;;;;;;;;;;;;;;;;;;;;;;;;;;;;;;;;;;;;;;;;;;
Brand;;;King Song;Ninebot;Ninebot;InMotion;;Begode;Begode;Begode;Begode;;King Song;King Song;King Song;Begode;;InMotion;InMotion;InMotion;King Song;InMotion;InMotion;Begode;Begode;;Ninebot;King Song;King Song;Gotway;Gotway;Begode;Begode;Begode;InMotion;InMotion;;King Song;King Song;InMotion;Begode;Begode;Begode;King Song;Begode;Begode;;King Song;King Song;Begode;Begode;Begode;Begode;;Begode;Begode;Extreme Bull;Extreme Bull;Veteran;Veteran;;Veteran;Begode;Begode;InMotion;Begode;Begode;;;OneWheel;OneWheel;OneWheel;OneWheel;;;;;;;;;;;;;;;;;;;;;;;;;;;;;;;;;;;;;;;;;;;;;;;;;;;;;;;;;;;;;;;;;;;;;;;;;;;;;;;;;;;;;;;;;;;;;;;;;;;;;;;;;;;;;;;;;;;;;;;;
Model;;;KS-14M;One S1;One S2;V5F;;MTen3;MTen3 (V2);MTen3 (V2);MTen4;;KS-14D;KS-14D;KS-14S;MCM5 V2;;V8;V8F;V8S;KS-16S;V10;V10F;Tesla V2;T3/Tesla V3;;Z10;KS-16XS;KS-16X;Nikola+;Nikola+;Nikola+;Nik+ (P42a);Nikola AR+;V12 (HT);V12;;KS-S18;S18 (P42a);V11;EX;Hero (HT);Hero;KS-S22;Master (40T);Master (50E);;KS-18L;KS-18XL (V2);MSPro (HT);MSPro (HS);RS (HT);RS;;EX.N (HT);EX.N;Commander (HT);Commander;Sherman;Sherman Max;;Abrams;MasterPro (40T);MasterPro (50E);V13;Monster V3;Monster Pro;;;Pint;Pint X;+ XR;GT;;;;;;;;;;;;;;;;;;;;;;;;;;;;;;;;;;;;;;;;;;;;;;;;;;;;;;;;;;;;;;;;;;;;;;;;;;;;;;;;;;;;;;;;;;;;;;;;;;;;;;;;;;;;;;;;;;;;;;;;
Year Released (last major revision);;;2017;2016;2016;2016;;2020;2020;2020;?2022;;2017;2017;2017;2020;;2016;2020;2021;2017;2018;2018;2019;2021;;2018;2019;2019;2019;2019;2019;2022;2021;2022;2022;;2020;2022;2020;2021;2022;2022;2022;2022;2022;;2018;2019;2020;2020;2020;2020;;2021;2021;2021;2021;2020;2022;;2021;?2022;?2022;?2022;2019;2021;;;2019;2021;2018;2021;;;;;;;;;;;;;;;;;;;;;;;;;;;;;;;;;;;;;;;;;;;;;;;;;;;;;;;;;;;;;;;;;;;;;;;;;;;;;;;;;;;;;;;;;;;;;;;;;;;;;;;;;;;;;;;;;;;;;;;;
;;;;;;;;;;;;;;;;;;;;;;;;;;;;;;;;;;;;;;;;;;;;;;;;;;;;;;;;;;;;;;;;;;;;;;;;;;;;;;;;;;;;;;;;;;;;;;;;;;;;;;;;;;;;;;;;;;;;;;;;;;;;;;;;;;;;;;;;;;;;;;;;;;;;;;;;;;;;;;;;;;;;;;;;;;;;;;;;;;;;;;;;;;;;;;;;;
Tire;Rated Size (in);;14 � 2.125;14 � 2.125;14 � 2.125;14 � 2.125;;10 � 3;10 � 3;10 � 3;???;;14 � 2.125;14 � 2.125;14 � 2.125;14 � 2.5;;16 � 1.95;16 � 2.125;16 � 2.125;16 � 2.125;16 � 2.5;16 � 2.5;16 � 2.125;16 � 2.125;;18 � 4.1;16 � 3;16 � 3;16 � 3;16 � 3;16 � 3;16 � 3;16 � 3;16 � 3;16 � 3;;18 � 3;18 � 3;18 � 3;2.75 - 14;2.75 - 14;2.75 - 14;2.75 - 14;2.75 - 14;2.75 - 14;;18 � 2.5;18 � 2.5;18 � 3;18 � 3;18 � 3;18 � 3;;?2.75 - 14;2.75 - 14;?2.75 - 14;2.75 - 14;2.75 - 14;2.75 - 14;;2.75 - 17;2.75 - 17;2.75 - 17;?22 � 3;2.75 - 17;2.75 - 18;;;10.5 x 4.5-6;10.5 x 4.5-6;11.5 x 6.5-6;11.5 x 6.5-6.5;;;;;;;;;;;;;;;;;;;;;;;;;;;;;;;;;;;;;;;;;;;;;;;;;;;;;;;;;;;;;;;;;;;;;;;;;;;;;;;;;;;;;;;;;;;;;;;;;;;;;;;;;;;;;;;;;;;;;;;;
;PEV MF Dia.;;"14""";"14""";"14""";"14""";;"10""";"10""";"10""";"11""";;"14""";"14""";"14""";"14""";;"16""";"16""";"16""";"16""";"16""";"16""";"16""";"16""";;"18""";"16""";"16""";"17""";"17""";"17""";"17""";"17""";"16""";"16""";;"18""";"18""";"18""";"20""";"20""";"20""";"20""";"20""";"20""";;"18""";"18""";"19""";"19""";"19""";"19""";;"20""";"20""";"20""";"20""";"20""";"20""";;"22""";"22""";"22""";"22""";"22""";"24""";;;"10,5""";"10,5""";"11,5""";"11,5""";;;;;;;;;;;;;;;;;;;;;;;;;;;;;;;;;;;;;;;;;;;;;;;;;;;;;;;;;;;;;;;;;;;;;;;;;;;;;;;;;;;;;;;;;;;;;;;;;;;;;;;;;;;;;;;;;;;;;;;;
[WIP];~Measured Dia.;;;;;;;;;;;;;;;;;;;;;;;;;;"17,5""";"17,25""";"17,25""";"17,25""";"17,25""";"17,25""";"17,25""";"17,25""";"17,25""";"17,25""";;"19,5""";"19,5""";"19,5""";"?19.75""";;"19,75""";"19,75""";"19,75""";"19,75""";;"18,5""";"18,5""";"19,5""";"19,5""";"19,5""";"19,5""";;"?19.75""";"19,75""";;"19,75""";"19,75""";"19,75""";;"?22.5""";;;;"~23""";"?~24""";;;;;;;;;;;;;;;;;;;;;;;;;;;;;;;;;;;;;;;;;;;;;;;;;;;;;;;;;;;;;;;;;;;;;;;;;;;;;;;;;;;;;;;;;;;;;;;;;;;;;;;;;;;;;;;;;;;;;;;;;;;;;;
[WIP];Model;;?K924;;;;;;;;;;K924;K924;?K924;?CST C-1488;;K1088;CY H-5146;CY H-5146;K1039;K1039;K1039;CST C-1488;CST C-1488;;;CST C-1488;CST C-1488;CST C-1488;;CST C-1488;CST C-1488;?CST C-1488;;;;CY H-5102;CY H-5102;CST C-1488;?Kenda;CST-186;CST-186;K262;CST-186;CST-186;;CST C-1488;CST C-1488;CST C-1488;CST C-1488;CST-186;CST-186;;CST-186;CST-186;CST-186;CST-186;K262;K262;;;;;;K254;;;;;;;;;;;;;;;;;;;;;;;;;;;;;;;;;;;;;;;;;;;;;;;;;;;;;;;;;;;;;;;;;;;;;;;;;;;;;;;;;;;;;;;;;;;;;;;;;;;;;;;;;;;;;;;;;;;;;;;;;;;;;;;
;;;;;;;;;;;;;;;;;;;;;;;;;;;;;;;;;;;;;;;;;;;;;;;;;;;;;;;;;;;;;;;;;;;;;;;;;;;;;;;;;;;;;;;;;;;;;;;;;;;;;;;;;;;;;;;;;;;;;;;;;;;;;;;;;;;;;;;;;;;;;;;;;;;;;;;;;;;;;;;;;;;;;;;;;;;;;;;;;;;;;;;;;;;;;;;;;
Max Speed;eWheels - mph;;-;12,5 mph;15 mph;15 mph;;23 mph;23 mph;23 mph;???;;18,6 mph;18,6 mph;18,6 mph;25 mph;;18,6 mph;21,7 mph;21,7 mph;21,7 mph;25 mph;25 mph;30 mph;31 mph;;28 mph;28 mph;31 mph;35 mph;40 mph;40 mph;40 mph;40 mph;43,5 mph;43,5 mph;;31 mph;31 mph;34,1 mph;???;???;40 mph;44,5 mph;50 mph;50 mph;;31 mph;31 mph;37 mph;40 mph;35 mph;40 mph;;???;45 mph;???;45 mph;45 mph;45 mph;;50 mph;47,1 mph;47,1 mph;55,9 mph;38 mph;45 mph;;;-;-;-;-;;;;;;;;;;;;;;;;;;;;;;;;;;;;;;;;;;;;;;;;;;;;;;;;;;;;;;;;;;;;;;;;;;;;;;;;;;;;;;;;;;;;;;;;;;;;;;;;;;;;;;;;;;;;;;;;;;;;;;;;
;eWheels - km/h;;-;20 km/h;24 km/h;24 km/h;;37 km/h;37 km/h;37 km/h;???;;30 km/h;30 km/h;30 km/h;40 km/h;;30 km/h;35 km/h;35 km/h;35 km/h;40 km/h;40 km/h;48 km/h;50 km/h;;45 km/h;45 km/h;50 km/h;56 km/h;64 km/h;64 km/h;64 km/h;64 km/h;70 km/h;70 km/h;;50 km/h;50 km/h;55 km/h;#V�RDEFEL!;???;64 km/h;72 km/h;80 km/h;80 km/h;;50 km/h;50 km/h;60 km/h;64 km/h;56 km/h;64 km/h;;???;72 km/h;???;72 km/h;72 km/h;72 km/h;;80 km/h;75,8 km/h;75,8 km/h;90 km/h;61 km/h;72 km/h;;;-;-;-;-;;;;;;;;;;;;;;;;;;;;;;;;;;;;;;;;;;;;;;;;;;;;;;;;;;;;;;;;;;;;;;;;;;;;;;;;;;;;;;;;;;;;;;;;;;;;;;;;;;;;;;;;;;;;;;;;;;;;;;;;
;MF - mph;;12,4 mph;12,5 mph;15 mph;15,6 mph;;-;-;-;-;;18,6 mph;18,6 mph;18,6 mph;-;;18,6 mph;21,7 mph;21,7 mph;21,7 mph;24,9 mph;24,9 mph;-;-;;28 mph;31,1 mph;31,1 mph;-;-;-;-;-;37,5 mph;43,5 mph;;31,1 mph;31,1 mph;34,2 mph;-;-;-;43,5 mph;-;-;;31,1 mph;31,1 mph;-;-;-;-;;-;-;-;-;-;;;-;-;-;55,9 mph;-;-;;;16 mph;18 mph;19 mph;20 mph;;;;;;;;;;;;;;;;;;;;;;;;;;;;;;;;;;;;;;;;;;;;;;;;;;;;;;;;;;;;;;;;;;;;;;;;;;;;;;;;;;;;;;;;;;;;;;;;;;;;;;;;;;;;;;;;;;;;;;;;
;MF - km/h;;20 km/h;20,1 km/h;24 km/h;25 km/h;;-;-;-;-;;30 km/h;30 km/h;30 km/h;-;;30 km/h;35 km/h;35 km/h;35 km/h;40 km/h;40 km/h;-;-;;45 km/h;50 km/h;50 km/h;-;-;-;-;-;60 km/h;70 km/h;;50 km/h;50 km/h;55 km/h;-;-;-;70 km/h;-;-;;50 km/h;50 km/h;-;-;-;-;;-;-;-;-;-;;;-;-;-;90 km/h;-;-;;;25,7 km/h;29 km/h;30,6 km/h;32,2 km/h;;;;;;;;;;;;;;;;;;;;;;;;;;;;;;;;;;;;;;;;;;;;;;;;;;;;;;;;;;;;;;;;;;;;;;;;;;;;;;;;;;;;;;;;;;;;;;;;;;;;;;;;;;;;;;;;;;;;;;;;
No Load Speed;MF - mph;;-;-;-;-;;-;31,1 mph;31,1 mph;???;;-;-;-;?32.9 mph;;-;-;-;-;-;-;41 mph;42,3 mph;;-;-;-;42,3 mph;-;47,8 mph;47,8 mph;47,8 mph;-;-;;-;-;-;?53.4 mph;???;???;65,2 mph;69,6 mph;69,6 mph;;-;-;49,7 mph;-;49,1 mph;60,3 mph;;???;65,2 mph;???;???;62,1 mph;?60 mph;;62,1 mph;75,8 mph;75,8 mph;87 mph;54,7 mph;?65.9 mph;;;-;-;-;-;;;;;;;;;;;;;;;;;;;;;;;;;;;;;;;;;;;;;;;;;;;;;;;;;;;;;;;;;;;;;;;;;;;;;;;;;;;;;;;;;;;;;;;;;;;;;;;;;;;;;;;;;;;;;;;;;;;;;;;;
;MF- km/h;;-;-;-;-;;-;50 km/h;50 km/h;???;;-;-;-;?53 km/h;;-;-;-;-;-;-;66 km/h;68 km/h;;-;-;-;68 km/h;-;77 km/h;77 km/h;77 km/h;-;-;;-;-;-;?86 km/h;???;???;105 km/h;112 km/h;112 km/h;;-;-;80 km/h;-;79 km/h;97 km/h;;???;105 km/h;???;???;100 km/h;?98 km/h;;100 km/h;122 km/h;122 km/h;140 km/h;88 km/h;?106 km/h;;;-;-;-;-;;;;;;;;;;;;;;;;;;;;;;;;;;;;;;;;;;;;;;;;;;;;;;;;;;;;;;;;;;;;;;;;;;;;;;;;;;;;;;;;;;;;;;;;;;;;;;;;;;;;;;;;;;;;;;;;;;;;;;;;
Motor Power;;;500 W;500 W;500 W;550 W;;800 W;800 W;800 W;1000 W;;800 W;800 W;800 W;1500 W;;800 W;1000 W;1000 W;1200 W;1800 W;2000 W;1900 W;2000 W;;1800 W;2200 W;2200 W;2000 W;2000 W;2000 W;2000 W;2000 W;2800 W;2500 W;;2200 W;2200 W;2200 W;3500 W;2800 W;2800 W;3300 W;3500 W;3500 W;;2000 W;2200 W;2500 W;2000 W;2600 W;2600 W;;2800 W;2800 W;2800 W;2800 W;2500 W;2800 W;;3500 W;4500 W;4500 W;4500 W;2500 W;3500 W;;;750 W;750 W;750 W;750 W;;;;;;;;;;;;;;;;;;;;;;;;;;;;;;;;;;;;;;;;;;;;;;;;;;;;;;;;;;;;;;;;;;;;;;;;;;;;;;;;;;;;;;;;;;;;;;;;;;;;;;;;;;;;;;;;;;;;;;;;
;;;;;;;;;;;;;;;;;;;;;;;;;;;;;;;;;;;;;;;;;;;;;;;;;;;;;;;;;;;;;;;;;;;;;;;;;;;;;;;;;;;;;;;;;;;;;;;;;;;;;;;;;;;;;;;;;;;;;;;;;;;;;;;;;;;;;;;;;;;;;;;;;;;;;;;;;;;;;;;;;;;;;;;;;;;;;;;;;;;;;;;;;;;;;;;;;
System Voltage;;;67,2 V;63 V;63 V;84 V;;67,2 V;84 V;84 V;84 V;;67,2 V;67,2 V;67,2 V;84 V;;84 V;84 V;84 V;67,2 V;84 V;84 V;84 V;84 V;;58,8 V;84 V;84 V;84 V;100,8 V;100,8 V;100,8 V;100,8 V;100,8 V;100,8 V;;84 V;84 V;84 V;100,8 V;100,8 V;100,8 V;126 V;134,4 V;134,4 V;;84 V;84 V;100,8 V;100,8 V;100,8 V;100,8 V;;100,8 V;100,8 V;100,8 V;100,8 V;100,8 V;100,8 V;;100,8 V;134,4 V;134,4 V;126 V;100,8 V;100,8 V;;;63 V;???;63 V;?76 V;;;;;;;;;;;;;;;;;;;;;;;;;;;;;;;;;;;;;;;;;;;;;;;;;;;;;;;;;;;;;;;;;;;;;;;;;;;;;;;;;;;;;;;;;;;;;;;;;;;;;;;;;;;;;;;;;;;;;;;;
;;;;;;;;;;;;;;;;;;;;;;;;;;;;;;;;;;;;;;;;;;;;;;;;;;;;;;;;;;;;;;;;;;;;;;;;;;;;;;;;;;;;;;;;;;;;;;;;;;;;;;;;;;;;;;;;;;;;;;;;;;;;;;;;;;;;;;;;;;;;;;;;;;;;;;;;;;;;;;;;;;;;;;;;;;;;;;;;;;;;;;;;;;;;;;;;;
Battery;Capacity;;174 Wh;310 Wh;310 Wh;320 Wh;;420 Wh;460 Wh;512 Wh;?600 Wh;;340 Wh;420 Wh;840 Wh;800 Wh;;480 Wh;518 Wh;728 Wh;840 Wh;650+ Wh;960 Wh;1020 Wh;1500 Wh;;995 Wh;777 Wh;1554 Wh;2100 Wh;1845 Wh;1800 Wh;1496 Wh;2700 Wh;1750 Wh;1750 Wh;;1110 Wh;903 Wh;1500 Wh;2700 Wh;1800 Wh;1800 Wh;2220 Wh;1920 Wh;2400 Wh;;1036 Wh;1554 Wh;1800 Wh;1800 Wh;1800 Wh;1800 Wh;;2700 Wh;2700 Wh;3600 Wh;3600 Wh;3200 Wh;3600 Wh;;2700 Wh;3840 Wh;4800 Wh;3024 Wh;1845 Wh;3600 Wh;;;147 Wh;???;324 Wh;???;;;;;;;;;;;;;;;;;;;;;;;;;;;;;;;;;;;;;;;;;;;;;;;;;;;;;;;;;;;;;;;;;;;;;;;;;;;;;;;;;;;;;;;;;;;;;;;;;;;;;;;;;;;;;;;;;;;;;;;;
;;;;;;;;;;;;;0,5;0,5;0,7;0,7;;;;;0,7;;;0,7;;;;0,5;0,5;0,7;;0,7;;;;;;0,5;;0,7;0,7;;;;;;;;0,5;0,7;0,7;0,7;0,7;;;;;;0,7;;;;;;;0,7;0,7;;;;;;;;;;;;;;;;;;;;;;;;;;;;;;;;;;;;;;;;;;;;;;;;;;;;;;;;;;;;;;;;;;;;;;;;;;;;;;;;;;;;;;;;;;;;;;;;;;;;;;;;;;;;;;;;;;;;;;;;;;;;;;
[WIP];UtWh;;;;;;;;;;;;170 Wh;210 Wh;588 Wh;560 Wh;;;;;588 Wh;;;714 Wh;;;;389 Wh;777 Wh;1470 Wh;;1260 Wh;;;;;;555 Wh;;1050 Wh;1890 Wh;;;;;;;;777 Wh;1260 Wh;1260 Wh;1260 Wh;1260 Wh;;;;;;2240 Wh;;;;;;;1292 Wh;2520 Wh;;;;;;;;;;;;;;;;;;;;;;;;;;;;;;;;;;;;;;;;;;;;;;;;;;;;;;;;;;;;;;;;;;;;;;;;;;;;;;;;;;;;;;;;;;;;;;;;;;;;;;;;;;;;;;;;;;;;;;;;;;;;;;
;Cell Config.;;16s1p;15s2p;15s2p;20s2p;;16s2p;20s2p;20s2p;???;;16s2p;16s2p;16s4p;20s3p;;20s2p;20s2p;20s2p;16s4p;20s4p;20s4p;20s4p;20s4p;;14s6p;20s3p;20s6p;20s8p;24s6p;24s4p;24s4p;24s6p;24s4p;24s4p;;20s3p;20s3p;20s4p;24s6p;24s4p;24s4p;30s4p;4x8s4p;4x8s4p;;20s4p;20s6p;24s4p;24s4p;24s4p;24s4p;;24s6p;24s6p;24s8p;24s8p;24s10p;24s8p;;24s6p;???;???;?30s8p;24s6p;24s8p;;;15s1p;???;15s2p;?18s2p;;;;;;;;;;;;;;;;;;;;;;;;;;;;;;;;;;;;;;;;;;;;;;;;;;;;;;;;;;;;;;;;;;;;;;;;;;;;;;;;;;;;;;;;;;;;;;;;;;;;;;;;;;;;;;;;;;;;;;;;
;Cell Count;;16�18650;30�18650;30�18650;40�18650;;32�18650;40�18650;40�18650;?�21700;;32�18650;32�18650;64�18650;60�18650;;40�18650;40�18650;40�21700;64�18650;80�18650;80�18650;80�18650;80�21700;;84�18650;60�18650;120�18650;160�18650;144�18650;96�21700;96�21700;144�21700;96x21700;96x21700;;60�21700;60�21700;80�21700;144�21700;96�21700;96�21700;120�21700;128�21700;128�21700;;80�18650;120�18650;96�21700;96�21700;96�21700;96�21700;;144�21700;144�21700;192�21700;192�21700;240�18650;192�21700;;144�21700;?�21700;?�21700;240�18650;144�18650;192�21700;;;15�18650;???;30�18650;?36�21700;;;;;;;;;;;;;;;;;;;;;;;;;;;;;;;;;;;;;;;;;;;;;;;;;;;;;;;;;;;;;;;;;;;;;;;;;;;;;;;;;;;;;;;;;;;;;;;;;;;;;;;;;;;;;;;;;;;;;;;;
;OEM Cells;;-;-;-;-;;;Pan BD;Pan-San GA;???;;Pan PF;LG MJ1;LG MJ1;Pan-San GA;;LG MH1;LG MJ1;LG M50T;?LG MJ1;"BAK WA/
EVE 26V";LG MH1;Pan-San GA;"LG M50T/
Sam 50G";;;?LG MJ1;?LG MJ1;Pan-San GA;Pa NCR GA;LG M50T;-;?LG M50T;"?LG M50T/
Sam 50G / EVE";"?LG M50T/
Sam 50G / EVE";;LG M50T;-;"LG M50T/
Sam 50G";LG M50T;???;LG M50LT;LG M50LT;???;???;;?LG MJ1;LG MJ1;LG M50T;LG M50T;LG M50T;LG M50T;;"LG M50T/
Sam 50G";"LG M50T/
Sam 50G";?LG M50T;LG M50LT;Pan-San GA;Sam 50E;;Sam 50E;?Sam 40T;?Sam 50E;???;Pan-San GA;LG M50T;;;;;;;;;;;;;;;;;;;;;;;;;;;;;;;;;;;;;;;;;;;;;;;;;;;;;;;;;;;;;;;;;;;;;;;;;;;;;;;;;;;;;;;;;;;;;;;;;;;;;;;;;;;;;;;;;;;;;;;;;;;;;;
;eWheels Cells;;;;;-;;;-;-;LiTech - Sam 40T;;;-;-;-;;;-;-;-;-;-;;LiTech - Sam 50E;;;-;-;;;-;"LiTech -
Molicel P42a";-;-;-;;-;"LiTech -
Molicel P42a";-;-;???;LiTech - Sam 50E;-;LiTech - Sam 40T;LiTech - Sam 50E;;;-;;;?LiTech - Sam 50E;?LiTech - Sam 50E;;LiTech - Sam 50E;LiTech - Sam 50E;LiTech - Sam 50E;LiTech - Sam 50E;-;-;;-;?LiTech - Sam 40T;?LiTech - Sam 50E;-;;-;;;;;;;;;;;;;;;;;;;;;;;;;;;;;;;;;;;;;;;;;;;;;;;;;;;;;;;;;;;;;;;;;;;;;;;;;;;;;;;;;;;;;;;;;;;;;;;;;;;;;;;;;;;;;;;;;;;;;;;;;;;;;;
Range (Est.);25 Wh/mi;;7 mi;12 mi;12 mi;13 mi;;17 mi;18 mi;20 mi;?24 mi;;14 mi;17 mi;34 mi;32 mi;;19 mi;21 mi;29 mi;34 mi;26 mi;38 mi;41 mi;60 mi;;40 mi;31 mi;62 mi;84 mi;74 mi;72 mi;60 mi;108 mi;70 mi;70 mi;;44 mi;36 mi;60 mi;108 mi;72 mi;72 mi;89 mi;77 mi;96 mi;;41 mi;62 mi;72 mi;72 mi;72 mi;72 mi;;108 mi;108 mi;144 mi;144 mi;128 mi;144 mi;;108 mi;154 mi;192 mi;121 mi;74 mi;144 mi;;;6 mi;???;13 mi;???;;;;;;;;;;;;;;;;;;;;;;;;;;;;;;;;;;;;;;;;;;;;;;;;;;;;;;;;;;;;;;;;;;;;;;;;;;;;;;;;;;;;;;;;;;;;;;;;;;;;;;;;;;;;;;;;;;;;;;;;
;~15.5 Wh/km;;11 km;20 km;20 km;21 km;0 km;27 km;30 km;33 km;?39 km;0 km;22 km;27 km;54 km;51 km;0 km;31 km;33 km;47 km;54 km;42 km;62 km;66 km;97 km;0 km;64 km;50 km;100 km;135 km;119 km;116 km;96 km;174 km;113 km;113 km;0 km;71 km;58 km;97 km;174 km;116 km;116 km;143 km;124 km;154 km;;67 km;100 km;116 km;116 km;116 km;116 km;;174 km;174 km;232 km;232 km;206 km;232 km;;174 km;247 km;309 km;195 km;119 km;232 km;;;9 km;???;21 km;???;;;;;;;;;;;;;;;;;;;;;;;;;;;;;;;;;;;;;;;;;;;;;;;;;;;;;;;;;;;;;;;;;;;;;;;;;;;;;;;;;;;;;;;;;;;;;;;;;;;;;;;;;;;;;;;;;;;;;;;;
;eWheels;;-;16 mi;16 mi;16 mi;;-;25-30 mi;25-30 mi;???;;15-20 mi;15-20 mi;30-40 mi;40 mi;;20-25 mi;22 mi;38 mi;35-40 mi;30-40 mi;30-40 mi;40-50 mi;60 mi;;50 mi;-;65 mi;70-100 mi;70 mi;70-100 mi;???;-;70 mi;70 mi;;44,5 mi;???;57 mi;???;70 mi;70 mi;85 mi;???;89 mi;;40 mi;70 mi;60 mi;60 mi;60 mi;60 mi;;100 mi;100 mi;144 mi;144 mi;128 mi;144 mi;;100 mi;???;???;???;74 mi;144 mi;;;-;-;-;-;;;;;;;;;;;;;;;;;;;;;;;;;;;;;;;;;;;;;;;;;;;;;;;;;;;;;;;;;;;;;;;;;;;;;;;;;;;;;;;;;;;;;;;;;;;;;;;;;;;;;;;;;;;;;;;;;;;;;;;;
"[""^"" = ""up to""]";MF - mi;;;15 mi;18 mi;21.8-25 mi;;;;19-31 mi;;;19-25 mi;25-31 mi;43-50 mi;^43 mi;;28-31 mi;34 mi;;47 mi;43,5 mi;55.5-62.5 mi;^56 mi;;;56 mi;;;^99 mi;^99 mi;^99 mi;;;;;;68 mi;;75 mi;?93-143 mi;;;;;;;;;^93 mi;^93 mi;62-99 mi;62-99 mi;;;;;;;;;;;;;^99 mi;?124-186 mi;;;6-8 mi;;12-18 mi;;;;;;;;;;;;;;;;;;;;;;;;;;;;;;;;;;;;;;;;;;;;;;;;;;;;;;;;;;;;;;;;;;;;;;;;;;;;;;;;;;;;;;;;;;;;;;;;;;;;;;;;;;;;;;;;;;;;;;;;;
;MF - km;;;24 km;30 km;35-40 km;;;;30-50 km;;;30-40 km;40-50 km;70-80 km;^70 km;;45-50 km;55 km;;75 km;70 km;90-100 km;^90 km;;;90 km;;;^160 km;^160 km;^160 km;;;;;;110 km;;120 km;?150-230 km;;;;;;;;;^150 km;^150 km;100-160 km;100-160 km;;;;;;;;;;;;;^160 km;?200-300 km;;;10-13 km;;19-29 km;;;;;;;;;;;;;;;;;;;;;;;;;;;;;;;;;;;;;;;;;;;;;;;;;;;;;;;;;;;;;;;;;;;;;;;;;;;;;;;;;;;;;;;;;;;;;;;;;;;;;;;;;;;;;;;;;;;;;;;;;
;;;;;;;;;;;;;;;;;;;;;;;;;;;;;;;;;;;;;;;;;;;;;;;;;;;;;;;;;;;;;;;;;;;;;;;;;;;;;;;;;;;;;;;;;;;;;;;;;;;;;;;;;;;;;;;;;;;;;;;;;;;;;;;;;;;;;;;;;;;;;;;;;;;;;;;;;;;;;;;;;;;;;;;;;;;;;;;;;;;;;;;;;;;;;;;;;
Weight;eWheels;;-;25 lb;25 lb;26,2 lb;;-;22 lb;-;;;30 lb;30 lb;34 lb;37 lb;;30 lb;32 lb;;38,5 lb;45,4 lb;45,4 lb;42 lb;???;;53 lb;???;51,8 lb;60,4 lb;56,4 lb;56,4 lb;;;???;???;;48,5 lb;;59,5 lb;???;;;;;;;48,5 lb;53 lb;54,7 lb;54,7 lb;59,5 lb;59,5 lb;;???;???;;;77 lb;;;;;;;60 lb;???;;;-;;-;;;;;;;;;;;;;;;;;;;;;;;;;;;;;;;;;;;;;;;;;;;;;;;;;;;;;;;;;;;;;;;;;;;;;;;;;;;;;;;;;;;;;;;;;;;;;;;;;;;;;;;;;;;;;;;;;;;;;;;;;
Weight;MF - lb;;28,7 lb;25 lb;25,1 lb;26,2 lb;;-;24,3 lb;24,3 lb;28,7 lb;;30 lb;32 lb;35,7 lb;37,5 lb;;29,8 lb;32 lb;33,1 lb;38,4 lb;45,4 lb;45,4 lb;41,9 lb;48,5 lb;;52,9 lb;47,4 lb;53,8 lb;-;???;57,3 lb;???;65 lb;65,5 lb;63,9 lb;;55,1 lb;???;59,5 lb;?83.8 lb;80,5 lb;80,5 lb;77,2 lb;82,7 lb;82,7 lb;;47,6 lb;56 lb;55,1 lb;55,1 lb;59,5 lb;59,5 lb;;72,8 lb;72,8 lb;?85 lb;?85 lb;77,2 lb;?86 lb;;97 lb;117,9 lb;117,9 lb;110,2 lb;63,9 lb;88,2 lb;;;23 lb;27 lb;27 lb;35 lb;;;;;;;;;;;;;;;;;;;;;;;;;;;;;;;;;;;;;;;;;;;;;;;;;;;;;;;;;;;;;;;;;;;;;;;;;;;;;;;;;;;;;;;;;;;;;;;;;;;;;;;;;;;;;;;;;;;;;;;;
;MF - kg;;13 kg;11,3 kg;11,4 kg;11,9 kg;;-;11 kg;11 kg;13 kg;;13,6 kg;14,5 kg;16,2 kg;17 kg;;13,5 kg;14,5 kg;15 kg;17,4 kg;20,6 kg;20,6 kg;19 kg;22 kg;;24 kg;21,5 kg;24,4 kg;-;???;26 kg;???;29,5 kg;29,7 kg;29 kg;;25 kg;???;27 kg;?38 kg;36,5 kg;36,5 kg;35 kg;37,5 kg;37,5 kg;;21,6 kg;25,4 kg;25 kg;25 kg;27 kg;27 kg;;33 kg;33 kg;?39 kg;?39 kg;35 kg;?39 kg;;44 kg;53,5 kg;53,5 kg;50 kg;29 kg;40 kg;;;10,4 kg;12,2 kg;12,2 kg;15,9 kg;;;;;;;;;;;;;;;;;;;;;;;;;;;;;;;;;;;;;;;;;;;;;;;;;;;;;;;;;;;;;;;;;;;;;;;;;;;;;;;;;;;;;;;;;;;;;;;;;;;;;;;;;;;;;;;;;;;;;;;;
[WIP];EcoDrift - lb;;;;;;;;;;;;;;;;;;;;;;;;;;;;;;;;;;;;;;;;;;;;;;;;;;;;;;;;;;;;;;;;;;;;;;;;;;;;;;;;;;;;;;;;;;;;;;;;;;;;;;;;;;;;;;;;;;;;;;;;;;;;;;;;;;;;;;;;;;;;;;;;;;;;;;;;;;;;;;;;;;;;;;;;;;;;;;;;;;;;;;;;;;;;;;;;
;EcoDrift - kg;;;;;;;;;;;;;;;;;;;;;;;;;;;;;;;;;;;;;;;;;;;;;;;;;;;;;;;;;;;;;;;;;;;;;;;;;;;;;;;;;;;;;;;;;;;;;;;;;;;;;;;;;;;;;;;;;;;;;;;;;;;;;;;;;;;;;;;;;;;;;;;;;;;;;;;;;;;;;;;;;;;;;;;;;;;;;;;;;;;;;;;;;;;;;;;;
;;;;;;;;;;;;;;;;;;;;;;;;;;;;;;;;;;;;;;;;;;;;;;;;;;;;;;;;;;;;;;;;;;;;;;;;;;;;;;;;;;;;;;;;;;;;;;;;;;;;;;;;;;;;;;;;;;;;;;;;;;;;;;;;;;;;;;;;;;;;;;;;;;;;;;;;;;;;;;;;;;;;;;;;;;;;;;;;;;;;;;;;;;;;;;;;;
Weight Limit;eWheels - lb;;-;190 lb;190 lb;190 lb;;240 lb;200 lb;200 lb;???;;200 lb;200 lb;220 lb;250 lb;;220 lb;260 lb;265 lb;250 lb;260 lb;260 lb;300 lb;300 lb;;325 lb;330 lb;330 lb;300 lb;325 lb;300 lb;300 lb;325 lb;265 lb;265 lb;;200 lb;200 lb;300 lb;?325 lb;300 lb;300 lb;325 lb;330 lb;330 lb;;325 lb;325 lb;325 lb;325 lb;325 lb;325 lb;;325 lb;325 lb;330 lb;330 lb;330 lb;330 lb;;300 lb;?200-300 lb;?200-300 lb;???;330 lb;330 lb;;;-;-;-;-;;;;;;;;;;;;;;;;;;;;;;;;;;;;;;;;;;;;;;;;;;;;;;;;;;;;;;;;;;;;;;;;;;;;;;;;;;;;;;;;;;;;;;;;;;;;;;;;;;;;;;;;;;;;;;;;;;;;;;;;
;eWheels - kg;;-;86 kg;86 kg;86 kg;;109 kg;91 kg;91 kg;???;;91 kg;91 kg;100 kg;113 kg;;100 kg;118 kg;120 kg;113 kg;118 kg;118 kg;136 kg;136 kg;;147 kg;150 kg;150 kg;136 kg;147 kg;136 kg;136 kg;147 kg;120 kg;120 kg;;91 kg;91 kg;136 kg;?147 kg;136 kg;136 kg;147 kg;150 kg;150 kg;;147 kg;147 kg;147 kg;147 kg;147 kg;147 kg;;147 kg;147 kg;150 kg;150 kg;150 kg;150 kg;;136 kg;?91-136 kg;?91-136 kg;???;150 kg;150 kg;;;-;-;-;-;;;;;;;;;;;;;;;;;;;;;;;;;;;;;;;;;;;;;;;;;;;;;;;;;;;;;;;;;;;;;;;;;;;;;;;;;;;;;;;;;;;;;;;;;;;;;;;;;;;;;;;;;;;;;;;;;;;;;;;;
;MF - lb;;265 lb;220 lb;265 lb;265 lb;;220 lb;220 lb;220 lb;???;;265 lb;265 lb;265 lb;220 lb;;265 lb;265 lb;265 lb;265 lb;265 lb;265 lb;265 lb;220 lb;;331 lb;265 lb;265 lb;220 lb;220 lb;220 lb;220 lb;220 lb;308,6 lb;265 lb;;265 lb;265 lb;265 lb;?287 lb;???;???;265 lb;???;???;;265 lb;265 lb;265 lb;265 lb;287 lb;287 lb;;287 lb;287 lb;?287 lb;?287 lb;265 lb;;;265 lb;???;???;265 lb;265 lb;287 lb;;;250 lb;?250 lb;275 lb;?275 lb;;;;;;;;;;;;;;;;;;;;;;;;;;;;;;;;;;;;;;;;;;;;;;;;;;;;;;;;;;;;;;;;;;;;;;;;;;;;;;;;;;;;;;;;;;;;;;;;;;;;;;;;;;;;;;;;;;;;;;;;
;MF - kg;;120 kg;100 kg;120 kg;120 kg;;100 kg;100 kg;100 kg;???;;120 kg;120 kg;120 kg;100 kg;;120 kg;120 kg;120 kg;120 kg;120 kg;120 kg;120 kg;100 kg;;150 kg;120 kg;120 kg;100 kg;100 kg;100 kg;100 kg;100 kg;140 kg;120 kg;;120 kg;120 kg;120 kg;?130 kg;???;???;120 kg;???;???;;120 kg;120 kg;120 kg;120 kg;130 kg;130 kg;;130 kg;130 kg;?130 kg;?130 kg;120 kg;;;120 kg;???;???;120 kg;120 kg;130 kg;;;113 kg;?113 kg;125 kg;?125 kg;;;;;;;;;;;;;;;;;;;;;;;;;;;;;;;;;;;;;;;;;;;;;;;;;;;;;;;;;;;;;;;;;;;;;;;;;;;;;;;;;;;;;;;;;;;;;;;;;;;;;;;;;;;;;;;;;;;;;;;;
;;;;;;;;;;;;;;;;;;;;;;;;;;;;;;;;;;;;;;;;;;;;;;;;;;;;;;;;;;;;;;;;;;;;;;;;;;;;;;;;;;;;;;;;;;;;;;;;;;;;;;;;;;;;;;;;;;;;;;;;;;;;;;;;;;;;;;;;;;;;;;;;;;;;;;;;;;;;;;;;;;;;;;;;;;;;;;;;;;;;;;;;;;;;;;;;;
Dimensions;MF - L - in;;"17,2""";"16,6""";"16,5""";"15,82""";;"11,42""";"11,42""";"11,42""";;;"17,2""";"17,2""";"17,2""";"16,14""";;;"18,19""";;"18,23""";"20,81""";"20,81""";"16,54""";"16,54""";;"17,99""";"19,49""";"19,49""";"19,29""";"19,29""";"19,29""";"19,29""";;"19,57""";"19,57""";;"20,87""";;"19,7""";;"22,83""";"22,83""";"22,91""";"22,32""";"22,32""";;"19,49""";"19,49""";"19,29""";"19,29""";"19,29""";"19,29""";;"20,08""";"20,08""";;;"19,69""";;;;"22,05""";"22,05""";"22,8""";"23,23""";"24,02""";;;;;;;;;;;;;;;;;;;;;;;;;;;;;;;;;;;;;;;;;;;;;;;;;;;;;;;;;;;;;;;;;;;;;;;;;;;;;;;;;;;;;;;;;;;;;;;;;;;;;;;;;;;;;;;;;;;;;;;;;;;;;;
[WIP];MF - W - in;;"7,95""";"7,2""";"7,17""";"6,53""";;"5,91""";"5,91""";"5,91""";;;"7,95""";"7,95""";"7,95""";"6,69""";;;"5,83""";;"7,72""";"16,57""";"16,57""";"7,87""";"9,06""";;"7,01""";"7,09""";"7,09""";"7,87""";"7,87""";"7,87""";"7,87""";;"7,48""";"7,48""";;"7,87""";;"7,87""";;"7,87""";"7,87""";"12,99""";"12,99""";"12,99""";;"7,09""";"7,09""";"9,06""";"9,06""";"9,45""";"9,45""";;"9,84""";"9,84""";;;"7,68""";;;;"12,99""";"12,99""";"10,79""";"9,09""";"10,24""";;;;;;;;;;;;;;;;;;;;;;;;;;;;;;;;;;;;;;;;;;;;;;;;;;;;;;;;;;;;;;;;;;;;;;;;;;;;;;;;;;;;;;;;;;;;;;;;;;;;;;;;;;;;;;;;;;;;;;;;;;;;;;
;MF - H - in;;"18,74""";"17,6""";"17,64""";"18,74""";;"17,72""";"17,72""";"17,72""";;;"18,74""";"18,74""";"18,74""";"20,67""";;;"21,18""";;"19,92""";"24,55""";"24,55""";"22,17""";"22,44""";;"20,87""";"23,23""";"23,23""";"23,23""";"23,23""";"23,23""";"23,23""";;"23,9""";"23,9""";;"25.87-21.93""";;"26,6""";;"31,1""";"31,1""";"29,41""";"24,72""";"24,72""";;"23,23""";"23,23""";"22,05""";"22,05""";"22,05""";"22,05""";;"23,03""";"23,03""";;;"23,31""";;;;"30,71""";"30,71""";"28,78""";"25,79""";"26,77""";;;;;;;;;;;;;;;;;;;;;;;;;;;;;;;;;;;;;;;;;;;;;;;;;;;;;;;;;;;;;;;;;;;;;;;;;;;;;;;;;;;;;;;;;;;;;;;;;;;;;;;;;;;;;;;;;;;;;;;;;;;;;;
;MF - L - mm;;437 mm;421,6 mm;419 mm;401,8 mm;;290 mm;290 mm;290 mm;;;437 mm;437 mm;437 mm;410 mm;;;462 mm;;463 mm;528,5 mm;528,5 mm;420 mm;420 mm;;457 mm;495 mm;495 mm;490 mm;490 mm;490 mm;490 mm;;497 mm;497 mm;;530 mm;;500,4 mm;;580 mm;580 mm;582 mm;567 mm;567 mm;;495 mm;495 mm;490 mm;490 mm;490 mm;490 mm;;510 mm;510 mm;;;500 mm;;;;560 mm;560 mm;579 mm;590 mm;610 mm;;;;;;;;;;;;;;;;;;;;;;;;;;;;;;;;;;;;;;;;;;;;;;;;;;;;;;;;;;;;;;;;;;;;;;;;;;;;;;;;;;;;;;;;;;;;;;;;;;;;;;;;;;;;;;;;;;;;;;;;;;;;;;
;MF - W - mm;;202 mm;182,9 mm;182 mm;165,9 mm;;150 mm;150 mm;150 mm;;;202 mm;202 mm;202 mm;170 mm;;;148 mm;;196 mm;421 mm;421 mm;200 mm;230 mm;;178 mm;180 mm;180 mm;200 mm;200 mm;200 mm;200 mm;;190 mm;190 mm;;200 mm;;199,9 mm;;200 mm;200 mm;330 mm;330 mm;330 mm;;180 mm;180 mm;230 mm;230 mm;240 mm;240 mm;;250 mm;250 mm;;;195 mm;;;;330 mm;330 mm;274 mm;231 mm;260 mm;;;;;;;;;;;;;;;;;;;;;;;;;;;;;;;;;;;;;;;;;;;;;;;;;;;;;;;;;;;;;;;;;;;;;;;;;;;;;;;;;;;;;;;;;;;;;;;;;;;;;;;;;;;;;;;;;;;;;;;;;;;;;;
;MF - H - mm;;476 mm;447 mm;448 mm;476 mm;;450 mm;450 mm;450 mm;;;476 mm;476 mm;476 mm;525 mm;;;538 mm;;506 mm;623,5 mm;623,5 mm;563 mm;570 mm;;530 mm;590 mm;590 mm;590 mm;590 mm;590 mm;590 mm;;607 mm;607 mm;;657-557 mm;;675,6 mm;;790 mm;790 mm;747 mm;628 mm;628 mm;;590 mm;590 mm;560 mm;560 mm;560 mm;560 mm;;585 mm;585 mm;;;592 mm;;;;780 mm;780 mm;731 mm;655 mm;680 mm;;;;;;;;;;;;;;;;;;;;;;;;;;;;;;;;;;;;;;;;;;;;;;;;;;;;;;;;;;;;;;;;;;;;;;;;;;;;;;;;;;;;;;;;;;;;;;;;;;;;;;;;;;;;;;;;;;;;;;;;;;;;;;
Body Width;eWheels;;"5,8""";-;-;-;;"5,6""";"5,6""";"5,6""";;;"5,8""";"5,8""";"5,8""";-;;-;-;-;-;-;-;"7,87""";-;;"7,3""";"7""";"7""";"7,9""";"7,9""";"7,9""";"7,9""";"7,9""";-;-;;-;-;-;-;"7,9""";"7,9""";"13""";???;???;;"6,2""";"6,2""";"8,2""";"8,2""";"9,4""";"9,4""";;"9,8""";"9,8""";"9,4""";"9,4""";"9,4""";-;;"8,5""";;;;-;"10,2""";;;-;-;-;-;;;;;;;;;;;;;;;;;;;;;;;;;;;;;;;;;;;;;;;;;;;;;;;;;;;;;;;;;;;;;;;;;;;;;;;;;;;;;;;;;;;;;;;;;;;;;;;;;;;;;;;;;;;;;;;;;;;;;;;;
Pedal Height;eWheels;;-;-;-;-;;"4,75""";"4,75""";"4,75""";;;-;-;-;-;;-;-;-;-;-;-;-;-;;;"6,7""";"6,7""";"5,5""";"5,5""";"5,5""";"5,5""";"5,5""";-;-;;-;-;-;-;"6,7""";"6,7""";"9,1""";???;???;;"5,8""";"5,8""";"6,5""";"6,5""";"6,5""";"6,5""";;"6,3""";"6,3""";"6,3""";"6,3""";"6,7""";"6.9""";;"7""";;;;-;"6,5""";;;-;-;-;-;;;;;;;;;;;;;;;;;;;;;;;;;;;;;;;;;;;;;;;;;;;;;;;;;;;;;;;;;;;;;;;;;;;;;;;;;;;;;;;;;;;;;;;;;;;;;;;;;;;;;;;;;;;;;;;;;;;;;;;;
;MF - in;;"4,92""";-;-;"4,52""";;"4,33""";"4,33""";"4,33""";;;"4,92""";"4,92""";"4,92""";"5,71""";;"5,94""";???;???;"4,92""";"6,77""";"6,77""";"5,91""";"5,31""";;;"7,09""";"7,09""";"5,71""";"5,71""";"5,71""";"5,71""";"5,71""";???;???;;"4.33-8.27""";"4.33-8.27""";"6.5-9.84""";???;"6,69""";"6,69""";"9.09�1.02""";"8,66""";"8,66""";;"6,3""";"9,09""";"6,5""";"6,5""";"6,5""";"6,5""";;"6,3""";"6,3""";???;???;"6,69""";-;;"7,09""";;;;"6,46""";"6,5""";;;-;-;-;-;;;;;;;;;;;;;;;;;;;;;;;;;;;;;;;;;;;;;;;;;;;;;;;;;;;;;;;;;;;;;;;;;;;;;;;;;;;;;;;;;;;;;;;;;;;;;;;;;;;;;;;;;;;;;;;;;;;;;;;;
;MF - mm;;125 mm;-;-;114,8 mm;;110 mm;110 mm;110 mm;;;125 mm;125 mm;125 mm;145 mm;;151 mm;???;???;125 mm;172 mm;172 mm;150 mm;135 mm;;;180 mm;180 mm;145 mm;145 mm;145 mm;145 mm;145 mm;???;???;;110-210 mm;110-210 mm;165-250 mm;???;170 mm;170 mm;231�26 mm;220 mm;220 mm;;160 mm;231 mm;165 mm;165 mm;165 mm;165 mm;;160 mm;160 mm;???;???;170 mm;-;;180 mm;;;;164 mm;165 mm;;;-;-;-;-;;;;;;;;;;;;;;;;;;;;;;;;;;;;;;;;;;;;;;;;;;;;;;;;;;;;;;;;;;;;;;;;;;;;;;;;;;;;;;;;;;;;;;;;;;;;;;;;;;;;;;;;;;;;;;;;;;;;;;;;
;;;;;;;;;;;;;;;;;;;;;;;;;;;;;;;;;;;;;;;;;;;;;;;;;;;;;;;;;;;;;;;;;;;;;;;;;;;;;;;;;;;;;;;;;;;;;;;;;;;;;;;;;;;;;;;;;;;;;;;;;;;;;;;;;;;;;;;;;;;;;;;;;;;;;;;;;;;;;;;;;;;;;;;;;;;;;;;;;;;;;;;;;;;;;;;;;
Carrying Handle;;;Good;Good;Good;Good;;Good;Good;Good;?Good;;Good;Good;Good;Good;;Good;Good;Good;Good;Good;Good;Good;Good;;Good;Good;Good;Poor;Poor;Poor;Poor;Poor;Good;Good;;Poor;Poor;Good;Good;Poor;Poor;Poor;Poor;Poor;;Good;Good;Good;Good;Good;Good;;Good;Good;Poor;Poor;Dual;Dual;;Poor;Poor;Poor;Dual;Good;Good;;;Good;Good;Accessory;Good;;;;;;;;;;;;;;;;;;;;;;;;;;;;;;;;;;;;;;;;;;;;;;;;;;;;;;;;;;;;;;;;;;;;;;;;;;;;;;;;;;;;;;;;;;;;;;;;;;;;;;;;;;;;;;;;;;;;;;;;
Trolley Handle;;;Retractable;None;None;Scorpion;;Accessory;Accessory;Accessory;???;;Retractable;Retractable;Retractable;Retractable;;Retractable;Retractable;Retractable;Retractable;Scorpion;Scorpion;Retractable;Retractable;;Retractable;Retractable;Retractable;Scorpion;Scorpion;Scorpion;Scorpion;Scorpion;Flip-up;Flip-up;;Retractable;Retractable;Flip-up;Retractable;Retractable;Retractable;Retractable;Retractable;Retractable;;Retractable;Retractable;Retractable;Retractable;Retractable;Retractable;;Yes;Yes;Retractable;Retractable;Retractable;Retractable;;Retractable;Retractable;Retractable;Flip-up;None;Retractable;;;None;None;None;None;;;;;;;;;;;;;;;;;;;;;;;;;;;;;;;;;;;;;;;;;;;;;;;;;;;;;;;;;;;;;;;;;;;;;;;;;;;;;;;;;;;;;;;;;;;;;;;;;;;;;;;;;;;;;;;;;;;;;;;;
Firmware Updates;;;Yes;Yes;Yes;Yes;;;No;No;???;;;Yes;Yes;No;;Yes;Yes;Yes;Yes;Yes;Yes;No;No;;;Yes;Yes;;;No;No;No;Yes;Yes;;Yes;Yes;Yes;No;;;Yes;;;;;Yes;;;No;No;;No;No;;;Coming;;;?Coming;;;;;No;;;Yes;Yes;Yes;Yes;;;;;;;;;;;;;;;;;;;;;;;;;;;;;;;;;;;;;;;;;;;;;;;;;;;;;;;;;;;;;;;;;;;;;;;;;;;;;;;;;;;;;;;;;;;;;;;;;;;;;;;;;;;;;;;;;;;;;;;;
Suspension;;;No;No;No;No;;No;No;No;???;;No;No;No;No;;No;No;No;No;No;No;No;No;;No;No;No;No;No;No;No;No;No;No;;Yes;Yes;Yes;Yes;Yes;Yes;Yes;Yes;Yes;;No;No;No;No;No;No;;No;No;No;No;No;No;;No;Yes;Yes;Optional;No;No;;;No;No;No;No;;;;;;;;;;;;;;;;;;;;;;;;;;;;;;;;;;;;;;;;;;;;;;;;;;;;;;;;;;;;;;;;;;;;;;;;;;;;;;;;;;;;;;;;;;;;;;;;;;;;;;;;;;;;;;;;;;;;;;;;
Bluetooth Speakers;;;No;No;No;No;;No;No;No;No;;Yes;Yes;Yes;Yes;;No;No;No;Yes;Yes;Yes;Yes;Yes;;Yes;Yes;Yes;Yes;Yes;Yes;Yes;Yes;Yes;Yes;;No;No;No;Yes;Yes;Yes;No;No;No;;Yes;Yes;Yes;Yes;Yes;Yes;;Yes;Yes;Yes;Yes;No;No;;No;No;No;?No;Yes;Yes;;;No;No;No;No;;;;;;;;;;;;;;;;;;;;;;;;;;;;;;;;;;;;;;;;;;;;;;;;;;;;;;;;;;;;;;;;;;;;;;;;;;;;;;;;;;;;;;;;;;;;;;;;;;;;;;;;;;;;;;;;;;;;;;;;
UL Standards/IP Ratings;;;-;UL2272,IP54;IP54;IP55;;;-;-;-;;-;-;-;-;;IP55;IP55;IP55;-;IP55;IP55;-;-;;IP54;-;-;-;;-;-;-;"IPX5 / IPX7
CE,FCC,ETL";"IPX5 / IPX7
CE,FCC,ETL";;-;-;IP55;-;-;-;-;;;;;-;-;-;-;-;;-;-;-;-;-;-;;?IP65;;;IP55 / IPX7;-;-;;;-;-;-;-;;;;;;;;;;;;;;;;;;;;;;;;;;;;;;;;;;;;;;;;;;;;;;;;;;;;;;;;;;;;;;;;;;;;;;;;;;;;;;;;;;;;;;;;;;;;;;;;;;;;;;;;;;;;;;;;;;;;;;;;
;;;;;;;;;;;;;;;;;;;;;;;;;;;;;;;;;;;;;;;;;;;;;;;;;;;;;;;;;;;;;;;;;;;;;;;;;;;;;;;;;;;;;;;;;;;;;;;;;;;;;;;;;;;;;;;;;;;;;;;;;;;;;;;;;;;;;;;;;;;;;;;;;;;;;;;;;;;;;;;;;;;;;;;;;;;;;;;;;;;;;;;;;;;;;;;;;
Price (USD);eWheels.com;; - ; - ; - ; - ;; - ; $880 ; $1 090 ; $1 150 ;; $750 ; $899 ; $1 249 ; $1 350 ;; $899 ; $1 199 ; $1 399 ; $1 350 ; $1 299 ; $1 599 ; $1 350 ; $1 750 ;; - ; $1 550 ; $2 089 ; $2 250 ; - ; - ; $2 280 ; - ; $2 499 ; $2 299 ;; - ; $2 299 ; $2 199 ; - ; ??? ; $~3999 ; $~3200 ; $~3250 ; $~3250 ;; - ; $2 050 ; - ; - ; $2 250 ; $2 250 ;; $2 999 ; $2 999 ; $3 999 ; $3 999 ; - ; $3 799 ;; - ; $4 599 ; $4 599 ; $3 999 ; $2 850 ; - ;;; $950 ; $1 400 ; $1 799 ; $2 200 ;;;;;;;;;;;;;;;;;;;;;;;;;;;;;;;;;;;;;;;;;;;;;;;;;;;;;;;;;;;;;;;;;;;;;;;;;;;;;;;;;;;;;;;;;;;;;;;;;;;;;;;;;;;;;;;;;;;;;;;;
;EUCO;; - ; - ; - ; $699 ;;; $880 ; $1 090 ; ??? ;; - ; $899 ; - ; $1 349 ;; $899 ; $1 199 ; $1 399 ; $1 299 ; - ; $1 599 ; - ; $1 899 ;;; $1 550 ; $2 089 ; - ;; $2 175 ; - ; - ; $2 499 ; $2 299 ;; $1 999 ; - ; $2 199 ; $3 490 ; $~3249 ; $~3249 ; $~3199 ; $~2899 ; $~2899 ;;; $2 050 ; - ; - ; $2 249 ; $2 249 ;; $2 999 ; $2 999 ; $~3999 ; $~3999 ; - ; - ;; - ; ??? ; ??? ; ??? ; - ; $3 590 ;;; - ; - ; - ; - ;;;;;;;;;;;;;;;;;;;;;;;;;;;;;;;;;;;;;;;;;;;;;;;;;;;;;;;;;;;;;;;;;;;;;;;;;;;;;;;;;;;;;;;;;;;;;;;;;;;;;;;;;;;;;;;;;;;;;;;;
;AlienRides.com;; - ; - ; - ; - ;;; $880 ; - ;;;; - ; - ; $1 350 ;; - ; - ; $1 399 ; - ; - ; - ; - ; $1 750 ;;; - ; - ;;; $2 199 ; - ; $2 599 ; ??? ; $2 299 ;; $1 899 ; - ; - ; - ; $3 250 ; - ; ?3100-3299 ; ??? ; ??? ;;; - ;;; $2 250 ; $2 250 ;; $2 899 ; $2 899 ; $3 999 ; $3 999 ; - ; - ;; - ;;;;; $3 599 ;;; - ; - ; - ; - ;;;;;;;;;;;;;;;;;;;;;;;;;;;;;;;;;;;;;;;;;;;;;;;;;;;;;;;;;;;;;;;;;;;;;;;;;;;;;;;;;;;;;;;;;;;;;;;;;;;;;;;;;;;;;;;;;;;;;;;;
;;;;;;;;;;;;;;;;;;;;;;;;;;;;;;;;;;;;;;;;;;;;;;;;;;;;;;;;;;;;;;;;;;;;;;;;;;;;;;;;;;;;;;;;;;;;;;;;;;;;;;;;;;;;;;;;;;;;;;;;;;;;;;;;;;;;;;;;;;;;;;;;;;;;;;;;;;;;;;;;;;;;;;;;;;;;;;;;;;;;;;;;;;;;;;;;;
eWheels.com;;;-;-;-;-;;-;https://ewheels.com/;https://ewheels.com/;https://ewheels.com/;;https://ewheels.com/;https://ewheels.com/;https://ewheels.com/;https://ewheels.com/;;https://ewheels.com/;https://ewheels.com/;https://ewheels.com/;https://ewheels.com/;https://ewheels.com/;https://ewheels.com/;https://ewheels.com/;https://ewheels.com/;;-;https://ewheels.com/;https://ewheels.com/;https://ewheels.com/;-;-;https://ewheels.com/;-;https://ewheels.com/;https://ewheels.com/;;-;https://ewheels.com/;https://ewheels.com/;-;-;https://ewheels.com/;https://ewheels.com/;https://ewheels.com/;https://ewheels.com/;;-;https://ewheels.com/;-;-;https://ewheels.com/;https://ewheels.com/;;https://ewheels.com/;https://ewheels.com/;https://ewheels.com/;https://ewheels.com/;https://ewheels.com/;https://ewheels.com/;;https://ewheels.com/;https://ewheels.com/;https://ewheels.com/;https://ewheels.com/;-;-;;;;;;;;;;;;;;;;;;;;;;;;;;;;;;;;;;;;;;;;;;;;;;;;;;;;;;;;;;;;;;;;;;;;;;;;;;;;;;;;;;;;;;;;;;;;;;;;;;;;;;;;;;;;;;;;;;;;;;;;;;;;;;
EUCO;;;-;-;-;https://euco.us/products/inmotion-v5f-electric-unicycle?aff=31;;https://euco.us/products/gotway-mten-electric-unicycle?variant=31783052214406&aff=31;https://euco.us/products/gotway-mten-electric-unicycle?variant=39480502321286&aff=31;https://euco.us/products/gotway-mten-electric-unicycle?variant=35007422267526&aff=31;???;;-;https://euco.us/products/king-song-ks-14d-electric-unicycle?aff=31;-;https://euco.us/products/gotway-mcm5-v2-electric-unicycle?aff=31;;https://euco.us/products/inmotion-v8-electric-unicycle?variant=6872364351524&aff=31;https://euco.us/products/inmotion-v8-electric-unicycle?variant=31177205284998&aff=31;https://euco.us/products/inmotion-v8s-electric-unicycle?aff=31;https://euco.us/products/king-song-ks-16s-electric-unicycle?aff=31;-;https://euco.us/products/inmotion-v10-electric-unicycle?variant=7432223817764&aff=31;-;https://euco.us/products/gotway-t3-tesla-v3?aff=31;;-;https://euco.us/products/king-song-16x-electric-unicycle?aff=31;https://euco.us/products/king-song-16x-electric-unicycle?aff=31;-;-;https://euco.us/products/gotway-nikola-electric-unicycle?aff=31;-;-;https://euco.us/products/inmotion-v12-high-torque-ht-1750wh-100v?aff=31;https://euco.us/products/inmotion-v12-electric-unicycle?aff=31;;https://euco.us/products/king-song-s18-electric-unicycle?aff=31;-;https://euco.us/products/inmotion-v11-electric-unicycle?aff=31;https://euco.us/products/gotway-ex-electric-unicycle?aff=31;https://euco.us/products/begode-hero-electric-unicycle-preorder-deposit?variant=39758601683078&aff=31;https://euco.us/products/begode-hero-electric-unicycle-preorder-deposit?variant=39758601715846&aff=31;https://euco.us/products/king-song-s20-eagle-preorder-deposit?aff=31;https://euco.us/products/pre-order-deposit-begode-master-electric-unicycle?variant=39758607679622&aff=31;https://euco.us/products/pre-order-deposit-begode-master-electric-unicycle?variant=39758607646854&aff=31;;-;https://euco.us/products/king-song-18xl-electric-unicycle?aff=31;-;-;https://euco.us/products/gotway-rs-electric-unicycle?variant=34780833415302&aff=31;https://euco.us/products/gotway-rs-electric-unicycle?variant=34780833448070&aff=31;;https://euco.us/products/gotway-ex-n-electric-unicycle?variant=39638737191046&aff=31;https://euco.us/products/gotway-ex-n-electric-unicycle?variant=39638737158278&aff=31;https://euco.us/products/begode-commander-electric-unicycle?variant=39467476975750&aff=31;https://euco.us/products/begode-commander-electric-unicycle?variant=39467477008518&aff=31;-;-;;-;;;???;-;https://euco.us/products/gotway-monster-pro-electric-unicycle?aff=31;;;;;;;;;;;;;;;;;;;;;;;;;;;;;;;;;;;;;;;;;;;;;;;;;;;;;;;;;;;;;;;;;;;;;;;;;;;;;;;;;;;;;;;;;;;;;;;;;;;;;;;;;;;;;;;;;;;;;;;;;;;;;;
AlienRides.com;;;-;-;-;-;;;https://alienrides.com/collections/electric-unicycles/products/gotway-begode-mten3-electric-unicycle;-;;;;-;-;https://alienrides.com/collections/electric-unicycles/products/gotway-begode-mcm5-electric-unicycle;;-;-;https://alienrides.com/collections/electric-unicycles/products/inmotion-v8s-electric-unicycle;-;-;-;-;https://alienrides.com/collections/electric-unicycles/products/gotway-begode-tesla-v3-electric-unicycle;;;-;-;;;https://alienrides.com/collections/electric-unicycles/products/begode-nikola-plus-electric-unicycle;-;https://alienrides.com/collections/electric-unicycles/products/nikola-ar-plus-electric-unicycle;???;https://alienrides.com/collections/electric-unicycles/products/inmotion-v12-electric-unicycle-wheel;;https://alienrides.com/collections/electric-unicycles/products/king-song-s18-electric-unicycle-with-suspension;-;-;-;https://alienrides.com/collections/electric-unicycles/products/begode-hero-off-road-electric-unicycle;-;https://alienrides.com/collections/electric-unicycles/products/king-song-s20-electric-unicycle;???;???;;;-;;;https://alienrides.com/collections/electric-unicycles/products/gotway-begode-rs-torque-version;https://alienrides.com/collections/electric-unicycles/products/gotway-begode-rs-electric-unicycle;;https://alienrides.com/collections/electric-unicycles/products/gotway-begode-ex-n-torque;https://alienrides.com/collections/electric-unicycles/products/gotway-begode-ex-n-electric-unicycle;https://alienrides.com/collections/electric-unicycles/products/extreme-bull-commander-electric-unicycle;https://alienrides.com/collections/electric-unicycles/products/extreme-bull-commander-electric-unicycle;-;-;;-;;;;;https://alienrides.com/collections/electric-unicycles/products/gotway-begode-moster-pro-electric-unicycle;;;;;;;;;;;;;;;;;;;;;;;;;;;;;;;;;;;;;;;;;;;;;;;;;;;;;;;;;;;;;;;;;;;;;;;;;;;;;;;;;;;;;;;;;;;;;;;;;;;;;;;;;;;;;;;;;;;;;;;;;;;;;;
SpeedyFeet.co.uk;;;-;-;-;https://speedyfeet.co.uk/products/inmotion-v5f?_br=david20;;-;-;?version;;;-;-;-;-;;-;https://speedyfeet.co.uk/products/inmotion-v8f?_br=david20;???;-;https://speedyfeet.co.uk/products/inmotion-v10?variant=7468874629180?_br=david20;https://speedyfeet.co.uk/products/inmotion-v10?variant=7468874694716?_br=david20;https://speedyfeet.co.uk/products/gotway-tesla-electric-unicycle?_br=david20;???;;-;-;https://speedyfeet.co.uk/products/kingsong-ks16xl?_br=david20;-;-;-;;;;???;;https://speedyfeet.co.uk/products/kingsong-ks-s18?_br=david20;;https://speedyfeet.co.uk/products/inmotion-v11-electric-unicycle?_br=david20;???;;;???;;;;https://speedyfeet.co.uk/products/kingsong-ks18l-electric-unicycle?_br=david20;https://speedyfeet.co.uk/products/kingsong-ks18xl-electric-unicycle?_br=david20;-;https://speedyfeet.co.uk/products/msuper-pro-100v-1800wh-2000w?_br=david20;https://speedyfeet.co.uk/products/gotway-rs-2600w-1800wh-100v?variant=32482304196668&_br=david20;https://speedyfeet.co.uk/products/gotway-rs-2600w-1800wh-100v?variant=32482304163900&_br=david20;;???;???;;;https://speedyfeet.co.uk/products/veteran-sherman-unicycle-20-inch-100v-3200wh-2500w?_br=david20;;;???;;;;https://speedyfeet.co.uk/products/gotway-monster-22inch-100v-1845wh?_br=david20;-;;;;;;;;;;;;;;;;;;;;;;;;;;;;;;;;;;;;;;;;;;;;;;;;;;;;;;;;;;;;;;;;;;;;;;;;;;;;;;;;;;;;;;;;;;;;;;;;;;;;;;;;;;;;;;;;;;;;;;;;;;;;;;
;;;;;;;;;;;;;;;;;;;;;;;;;;;;;;;;;;;;;;;;;;;;;;;;;;;;;;;;;;;;;;;;;;;;;;;;;;;;;;;;;;;;;;;;;;;;;;;;;;;;;;;;;;;;;;;;;;;;;;;;;;;;;;;;;;;;;;;;;;;;;;;;;;;;;;;;;;;;;;;;;;;;;;;;;;;;;;;;;;;;;;;;;;;;;;;;;
InMotion;;;-;-;-;https://www.inmotionworld.com/product/electric-unicycle-inmotion-v5;;;-;-;-;;-;-;-;-;;-;https://www.inmotionworld.com/product/electric-unicycle-inmotion-v8f;???;-;https://www.inmotionworld.com/product/electric-unicycle-inmotion-v10;https://www.inmotionworld.com/product/electric-unicycle-inmotion-v10;-;-;;-;-;-;-;-;-;-;-;https://www.inmotionworld.com/v12ht-electric-unicycle;https://www.inmotionworld.com/v12-electric-unicycle;;-;-;https://www.inmotionworld.com/product/inmotion-v11;-;-;-;-;-;-;;;-;-;-;-;-;;-;-;-;-;-;-;;-;-;-;???;-;-;;;;;;;;;;;;;;;;;;;;;;;;;;;;;;;;;;;;;;;;;;;;;;;;;;;;;;;;;;;;;;;;;;;;;;;;;;;;;;;;;;;;;;;;;;;;;;;;;;;;;;;;;;;;;;;;;;;;;;;;;;;;;;
King Song;;;https://www.kingsong.com/14inchseries/8-8.html;-;-;-;;;-;-;-;;https://www.kingsong.com/14inchseries/8-8.html;https://www.kingsong.com/14inchseries/8-8.html;https://www.kingsong.com/14inchseries/8-7.html;-;;-;-;-;https://www.kingsong.com/16inchseries/7-4.html;-;-;-;-;;-;https://www.kingsong.com/16inchseries/7-5.html;https://www.kingsong.com/16inchseries/7-6.html;-;-;-;-;-;-;-;;https://www.kingsong.com/18inchseries/6-3.html;https://www.kingsong.com/18inchseries/6-3.html;-;-;-;-;https://www.kingsong.com/18inchseries/6-20.html;-;-;;http://kingsong.com/show-28-31.html;https://www.kingsong.com/18inchseries/6-2.html;-;-;-;-;;-;-;-;-;-;-;;-;-;-;-;-;-;;;;;;;;;;;;;;;;;;;;;;;;;;;;;;;;;;;;;;;;;;;;;;;;;;;;;;;;;;;;;;;;;;;;;;;;;;;;;;;;;;;;;;;;;;;;;;;;;;;;;;;;;;;;;;;;;;;;;;;;;;;;;;
Begode (Gotway - Kebye);;;-;-;-;-;;;http://www.begode.com/productinfo/371629.html;http://www.begode.com/productinfo/371629.html;???;;-;-;-;http://www.begode.com/productinfo/371631.html;;-;-;-;-;-;-;http://www.begode.com/productinfo/371642.html;http://www.begode.com/productinfo/553504.html;;-;-;-;http://www.begode.com/productinfo/371591.html;http://www.kebye.com/productinfo/371591.html;http://www.begode.com/productinfo/371591.html;http://www.begode.com/productinfo/371591.html;???;-;-;;-;-;-;http://www.begode.com/productinfo/515824.html;http://www.begode.com/productinfo/715123.html;http://www.begode.com/productinfo/715123.html;-;http://www.begode.com/productinfo/770685.html;http://www.begode.com/productinfo/770685.html;;;-;http://www.begode.com/productinfo/406993.html;http://www.begode.com/productinfo/406993.html;http://www.begode.com/productinfo/3129.html;http://www.begode.com/productinfo/3129.html;;http://www.begode.com/productinfo/557433.html;http://www.begode.com/productinfo/557433.html;-;-;-;-;;-;???;???;-;http://www.begode.com/productinfo/371628.html;http://www.begode.com/productinfo/515827.html;;;;;;;;;;;;;;;;;;;;;;;;;;;;;;;;;;;;;;;;;;;;;;;;;;;;;;;;;;;;;;;;;;;;;;;;;;;;;;;;;;;;;;;;;;;;;;;;;;;;;;;;;;;;;;;;;;;;;;;;;;;;;;
Veteran (Leaperkim);;;-;-;-;-;;;-;-;-;;-;-;-;-;;-;-;-;-;-;-;-;-;;-;-;-;-;-;-;-;-;-;-;;-;-;-;-;-;-;-;-;-;;;-;-;-;-;-;;-;-;-;-;https://dropbox.com/s/7xf3kqt6u6yjtk4/Veteran%20Sherman%20Users%20Manual.docx?dl=0;???;;???;-;-;-;-;-;;;;;;;;;;;;;;;;;;;;;;;;;;;;;;;;;;;;;;;;;;;;;;;;;;;;;;;;;;;;;;;;;;;;;;;;;;;;;;;;;;;;;;;;;;;;;;;;;;;;;;;;;;;;;;;;;;;;;;;;;;;;;;
Extreme Bull;;;;;;-;;;-;-;-;;-;-;-;-;;-;-;-;-;-;-;-;-;;-;-;-;-;-;-;-;-;-;-;;-;-;-;-;-;-;-;-;-;;;-;-;-;-;-;;-;-;???;???;-;-;;-;-;-;-;-;-;;;;;;;;;;;;;;;;;;;;;;;;;;;;;;;;;;;;;;;;;;;;;;;;;;;;;;;;;;;;;;;;;;;;;;;;;;;;;;;;;;;;;;;;;;;;;;;;;;;;;;;;;;;;;;;;;;;;;;;;;;;;;;
Segway - Ninebot;;;-;https://store.segway.com/ninebot-one-s1-by-segway;https://shop.segway.com/uk-en/8/-ninebot-by-segway-one-s2;-;;;-;-;;;-;-;-;-;;-;-;-;-;-;-;-;-;;???;-;-;-;-;-;-;-;-;-;;-;-;-;-;-;-;-;-;-;;;-;-;-;-;-;;-;-;-;-;-;-;;-;;;;-;-;;;;;;;;;;;;;;;;;;;;;;;;;;;;;;;;;;;;;;;;;;;;;;;;;;;;;;;;;;;;;;;;;;;;;;;;;;;;;;;;;;;;;;;;;;;;;;;;;;;;;;;;;;;;;;;;;;;;;;;;;;;;;;
;;;;;;;;;;;;;;;;;;;;;;;;;;;;;;;;;;;;;;;;;;;;;;;;;;;;;;;;;;;;;;;;;;;;;;;;;;;;;;;;;;;;;;;;;;;;;;;;;;;;;;;;;;;;;;;;;;;;;;;;;;;;;;;;;;;;;;;;;;;;;;;;;;;;;;;;;;;;;;;;;;;;;;;;;;;;;;;;;;;;;;;;;;;;;;;;;
Ecodrift Analysis;;;;;;;;;;;;;;;;;;;;;;;;;;;;;;;;;;;;;;;;;;;;;;;;;;;;;;;;;;;;;;;;;;;;;;;;;;;;;;;;;;;;;;;;;;;;;;;;;;;;;;;;;;;;;;;;;;;;;;;;;;;;;;;;;;;;;;;;;;;;;;;;;;;;;;;;;;;;;;;;;;;;;;;;;;;;;;;;;;;;;;;;;;;;;;;;;
[TBA];;;;;;;;;;;;;;;;;;;;;;;;;;;;;;;;;;;;;;;;;;;;;;;;;;;;;;;;;;;;;;;;;;;;;;;;;;;;;;;;;;;;;;;;;;;;;;;;;;;;;;;;;;;;;;;;;;;;;;;;;;;;;;;;;;;;;;;;;;;;;;;;;;;;;;;;;;;;;;;;;;;;;;;;;;;;;;;;;;;;;;;;;;;;;;;;;
;;;;;;;;;;;;;;;;;;;;;;;;;;;;;;;;;;;;;;;;;;;;;;;;;;;;;;;;;;;;;;;;;;;;;;;;;;;;;;;;;;;;;;;;;;;;;;;;;;;;;;;;;;;;;;;;;;;;;;;;;;;;;;;;;;;;;;;;;;;;;;;;;;;;;;;;;;;;;;;;;;;;;;;;;;;;;;;;;;;;;;;;;;;;;;;;;
;;;;;;;;;;;;;;;;;;;;;;;;;;;;;;;;;;;;;;;;;;;;;;;;;;;;;;;;;;;;;;;;;;;;;;;;;;;;;;;;;;;;;;;;;;;;;;;;;;;;;;;;;;;;;;;;;;;;;;;;;;;;;;;;;;;;;;;;;;;;;;;;;;;;;;;;;;;;;;;;;;;;;;;;;;;;;;;;;;;;;;;;;;;;;;;;;
;;;;;;;;;;;;;;;;;;;;;;;;;;;;;;;;;;;;;;;;;;;;;;;;;;;;;;;;;;;;;;;;;;;;;;;;;;;;;;;;;;;;;;;;;;;;;;;;;;;;;;;;;;;;;;;;;;;;;;;;;;;;;;;;;;;;;;;;;;;;;;;;;;;;;;;;;;;;;;;;;;;;;;;;;;;;;;;;;;;;;;;;;;;;;;;;;
;;;;;;;;;;;;;;;;;;;;;;;;;;;;;;;;;;;;;;;;;;;;;;;;;;;;;;;;;;;;;;;;;;;;;;;;;;;;;;;;;;;;;;;;;;;;;;;;;;;;;;;;;;;;;;;;;;;;;;;;;;;;;;;;;;;;;;;;;;;;;;;;;;;;;;;;;;;;;;;;;;;;;;;;;;;;;;;;;;;;;;;;;;;;;;;;;
;;;;;;;;;;;;;;;;;;;;;;;;;;;;;;;;;;;;;;;;;;;;;;;;;;;;;;;;;;;;;;;;;;;;;;;;;;;;;;;;;;;;;;;;;;;;;;;;;;;;;;;;;;;;;;;;;;;;;;;;;;;;;;;;;;;;;;;;;;;;;;;;;;;;;;;;;;;;;;;;;;;;;;;;;;;;;;;;;;;;;;;;;;;;;;;;;
;;;;;;;;;;;;;;;;;;;;;;;;;;;;;;;;;;;;;;;;;;;;;;;;;;;;;;;;;;;;;;;;;;;;;;;;;;;;;;;;;;;;;;;;;;;;;;;;;;;;;;;;;;;;;;;;;;;;;;;;;;;;;;;;;;;;;;;;;;;;;;;;;;;;;;;;;;;;;;;;;;;;;;;;;;;;;;;;;;;;;;;;;;;;;;;;;
